enrollee_id,target,flight_risk_probability
32403,0,0.34752434
9858,1,0.7321731
31806,1,0.7533917
27385,0,0.23746681
27724,0,0.23374274
217,1,0.52558494
21465,1,0.8266915
27302,1,0.7362096
12994,0,0.36319974
16287,1,0.792564
10856,1,0.69258803
9272,0,0.27293548
14249,0,0.31780592
24372,0,0.21963415
14070,1,0.6108937
24914,1,0.7029878
7865,1,0.75160193
7463,0,0.30999973
21514,1,0.7991527
29033,1,0.73572457
15359,1,0.76489526
16001,0,0.26140073
25202,1,0.6936826
5058,1,0.81805897
23570,0,0.2516531
19139,1,0.6344203
9548,0,0.16189505
8799,1,0.80019844
11113,1,0.5727152
19437,1,0.7886661
394,0,0.36766866
7683,1,0.72032845
22849,0,0.23899724
17189,1,0.79146665
28610,0,0.20410734
25608,0,0.2368148
22139,0,0.30463466
19644,0,0.20911571
18517,1,0.7550518
12835,0,0.18331243
20178,0,0.36242953
25855,0,0.21545851
32126,0,0.23496965
22753,0,0.13720258
18133,1,0.815688
29242,1,0.7972201
6312,1,0.7031198
113,0,0.19421916
14685,0,0.39695665
20768,0,0.44867575
25906,0,0.16780703
20142,0,0.16961616
25891,0,0.27634925
4742,0,0.39157936
2222,0,0.21736197
16917,1,0.75023144
10493,1,0.75841016
10418,0,0.3654515
9766,0,0.2624268
1361,1,0.76105434
19625,0,0.2002252
20943,0,0.3001479
9561,0,0.26639032
4271,0,0.31909344
2094,0,0.22460967
16931,0,0.38967523
27298,1,0.8093329
26493,1,0.6266628
30745,1,0.6671862
21052,1,0.6851668
20723,1,0.76117915
13539,0,0.3704813
3214,0,0.25065386
16230,1,0.517638
25300,0,0.20044988
24018,1,0.7760468
21833,0,0.21531945
30632,0,0.16628379
4334,1,0.5269372
22271,1,0.689406
28776,0,0.21586871
27769,1,0.78394526
25909,0,0.22045702
31266,0,0.22051543
7973,0,0.22315085
30867,1,0.7728681
22501,0,0.24088362
2539,0,0.38151446
26681,0,0.26079485
16184,0,0.4594812
3852,0,0.2495328
1680,0,0.22219522
3562,0,0.1896947
8488,1,0.74817467
8373,0,0.2644935
2934,0,0.268246
12919,1,0.7406998
4386,1,0.72310305
22462,1,0.7953485
13988,0,0.2609855
21230,1,0.55047053
26180,1,0.78836876
16658,0,0.16085152
10324,0,0.25160924
20453,0,0.30084425
13485,0,0.1972497
33080,0,0.2643161
25492,1,0.745898
1319,1,0.7260535
19146,0,0.26562756
29339,0,0.18137024
33177,0,0.16111931
22143,0,0.23774564
22264,1,0.70452636
17034,0,0.3677662
27002,1,0.7372165
21318,0,0.2259359
12308,0,0.4139836
842,1,0.8241314
4926,0,0.38236493
3,0,0.44563133
19567,1,0.7862254
12809,0,0.18830743
22682,0,0.3484909
1216,0,0.18258885
4417,0,0.18715896
24162,1,0.8586473
16873,0,0.22690296
21920,0,0.23703542
24230,1,0.8272094
5189,0,0.47075048
24396,0,0.2902395
770,0,0.20904006
30913,0,0.24702568
14566,0,0.28214958
15634,0,0.24016176
18163,0,0.46677378
16673,1,0.81933546
18805,0,0.38211998
15367,1,0.82933974
22556,1,0.7503764
27439,1,0.5919711
18426,1,0.7975976
9789,0,0.2920268
28172,0,0.177478
9184,0,0.20319752
3587,0,0.3069198
1167,0,0.3163117
1663,1,0.5697135
20948,0,0.4117654
31594,0,0.18574615
27117,1,0.70599437
678,0,0.22500293
1441,1,0.75197476
31272,1,0.76623064
12443,0,0.19993207
32981,0,0.2579596
1317,0,0.21351774
4601,0,0.2409175
30498,0,0.32045186
7863,1,0.55922925
8744,0,0.46779585
14698,0,0.23623584
10021,0,0.1829352
15253,0,0.2618626
18108,0,0.22473334
31410,0,0.2544484
30532,0,0.21773553
31733,0,0.24582468
28833,1,0.73216057
8708,1,0.72229666
10050,0,0.28097433
21685,0,0.30690074
18529,0,0.46726862
1850,0,0.4198484
22639,0,0.43881625
5967,1,0.79558456
20977,0,0.23362702
5391,1,0.8239276
4398,1,0.7382781
18383,1,0.79413915
17336,1,0.73810154
7470,0,0.34404787
24781,0,0.22738165
24202,1,0.67707574
20650,0,0.37963626
5377,0,0.15059103
31693,0,0.27288565
28619,1,0.5761788
15432,0,0.25279748
22999,1,0.8380941
8377,0,0.20881875
9302,1,0.5990257
16158,0,0.24085356
29575,1,0.7934437
16573,0,0.27114847
30736,1,0.70973426
20612,1,0.8135318
11976,0,0.20637555
28302,0,0.17157215
9462,1,0.6535412
14512,1,0.75972784
8401,0,0.21304359
19780,0,0.29988897
2594,1,0.6891962
1466,0,0.26879278
17205,0,0.31189802
12990,0,0.21066967
4234,0,0.2555303
18171,1,0.66001946
15457,0,0.22189638
23319,1,0.8266329
10598,0,0.17242865
7788,1,0.761166
32021,0,0.22665215
23969,0,0.2479956
13037,0,0.27193743
30196,0,0.20597595
19504,1,0.8299494
16336,1,0.8008101
6048,0,0.25769842
6827,1,0.74913716
9268,0,0.24308138
11169,1,0.7933075
31131,0,0.37478352
12361,1,0.7366208
15165,1,0.66570973
27773,0,0.17894866
15266,0,0.2375624
26289,0,0.34043834
32553,0,0.41000214
33062,0,0.21669835
8818,0,0.1976655
15380,1,0.7967471
30120,1,0.76453274
24317,1,0.7907833
412,0,0.29288337
30607,1,0.5171517
8513,0,0.44772846
8596,0,0.27065915
14539,0,0.28006306
20456,1,0.75432414
15221,0,0.18055154
28968,0,0.4060894
21648,0,0.18137857
3210,0,0.2873527
22118,1,0.71646625
5605,0,0.45587397
30930,0,0.20105405
28718,0,0.29384866
8141,1,0.69524544
3486,0,0.2532282
8805,0,0.21120255
6602,0,0.39165685
14916,0,0.26572132
21636,0,0.18861006
9047,1,0.7265172
6694,0,0.17245062
17793,1,0.67112494
32857,0,0.1590018
26325,1,0.63983303
20907,1,0.69345635
12617,0,0.33421415
24295,0,0.19311027
32409,1,0.797378
16713,0,0.2504121
4863,1,0.78396225
13274,1,0.6134808
12462,1,0.7904089
8524,0,0.20103341
21728,0,0.21272181
20577,1,0.67772937
3407,1,0.60420996
27184,0,0.33161104
28845,0,0.21492489
2851,0,0.2599645
485,0,0.24772386
7207,0,0.16849281
9005,1,0.7557088
4532,0,0.17619741
23235,0,0.18492168
5403,0,0.24551904
8232,0,0.24201334
40,1,0.74857634
8991,1,0.7998897
28620,0,0.28046623
16355,1,0.7704026
18340,1,0.8281724
5138,1,0.77172375
12391,0,0.4822092
15550,0,0.19221303
27155,0,0.260153
19883,0,0.49211025
25140,1,0.61081576
27463,0,0.19201542
23894,1,0.73471034
18285,0,0.22388664
25415,1,0.5727189
9894,0,0.25192717
15242,1,0.70042837
8485,1,0.77105856
11982,0,0.20221512
28370,1,0.7442043
17047,0,0.24035357
24941,1,0.8133843
28936,0,0.39926672
9562,0,0.4340874
30061,0,0.19626057
2718,1,0.79555404
24681,0,0.30289084
16210,0,0.26064044
1517,0,0.4043521
29475,0,0.43693888
32233,1,0.78655505
26601,0,0.35917205
22457,1,0.76157176
30759,1,0.7289457
27417,0,0.23667884
18983,1,0.7444263
32085,0,0.25476804
13197,0,0.23444104
14026,1,0.6470967
19719,1,0.7961302
30046,0,0.23086253
10446,1,0.78140444
5907,0,0.38363618
1392,0,0.25925058
10348,0,0.30009872
7957,1,0.6364518
19058,1,0.7332371
19243,0,0.25419277
7770,1,0.5422575
15910,0,0.19104117
30486,0,0.37007153
20333,0,0.44334623
6816,1,0.77759033
26209,0,0.20169806
10803,0,0.16811281
26411,0,0.31919315
31555,0,0.28497577
15564,0,0.330007
28764,1,0.7824571
14172,0,0.3973361
3068,1,0.7516872
27164,0,0.18832324
20887,0,0.18829209
27102,0,0.1427013
14534,0,0.25217304
9021,0,0.18604031
6527,1,0.5937841
7615,0,0.26130494
11392,0,0.23874822
33148,1,0.729244
20910,1,0.7596013
20269,0,0.23447737
23670,1,0.77934676
19946,0,0.20327161
29652,0,0.4825968
23770,0,0.3569788
24340,0,0.16659935
18737,0,0.1836527
24739,0,0.28565878
31072,0,0.2525376
32629,0,0.41105476
4184,0,0.19375801
19028,0,0.28552574
12295,0,0.28858143
17898,0,0.15458497
25160,1,0.7578126
13000,0,0.35473484
8849,0,0.26072195
4773,0,0.2485256
23867,0,0.32985285
25341,0,0.22160539
1456,1,0.6277619
22152,0,0.3002922
6560,0,0.1544341
22829,0,0.22851653
4745,0,0.23741946
22814,0,0.16866194
23233,0,0.35400623
26370,0,0.2972908
12695,1,0.5862635
11888,0,0.27911058
319,0,0.25040773
2510,1,0.8255188
5298,0,0.15785708
18400,0,0.2536105
30849,1,0.8019424
31123,0,0.35248414
15829,0,0.22228572
15578,0,0.19815582
4037,0,0.25111482
29658,0,0.17619012
10171,0,0.14356555
1937,0,0.17958638
7376,0,0.19831806
25243,0,0.23411347
9234,0,0.16870223
8471,0,0.2398804
5367,0,0.24485306
5576,0,0.2299991
5488,0,0.27933097
18306,0,0.23194443
2063,0,0.21368241
14205,0,0.31453168
16490,0,0.47078156
10560,0,0.12753421
23064,0,0.21827675
32545,0,0.24515799
29833,1,0.7001348
14200,0,0.2018457
29830,1,0.7890501
21423,1,0.816494
13869,0,0.26145044
28259,0,0.19377366
9618,1,0.7196688
18209,1,0.78168607
27437,0,0.22679824
17129,1,0.723245
8349,0,0.22936507
6179,0,0.22311844
28842,1,0.67632794
26563,0,0.42341197
19256,1,0.81521946
25579,0,0.2862402
27521,0,0.2389879
31378,0,0.21577916
14870,1,0.60549074
11929,0,0.24924743
14585,1,0.72377205
32487,1,0.82639813
15593,1,0.65429157
13170,0,0.20076898
24544,0,0.20023704
11613,1,0.79110247
30221,1,0.8095721
28251,0,0.34305423
4062,0,0.25288168
29018,0,0.23042127
26433,0,0.2539204
5489,0,0.37126946
19459,1,0.72891444
6017,0,0.39537245
24261,1,0.77544117
16705,0,0.27383617
16540,1,0.6826912
7508,0,0.20901576
32650,0,0.33078778
21381,1,0.80788225
9487,1,0.7888931
9040,0,0.43131214
12854,0,0.23048398
32495,0,0.4691601
1622,1,0.63627636
15660,1,0.82680494
4052,0,0.274751
23279,0,0.3082416
20286,0,0.35745618
13832,1,0.6517576
8066,0,0.4125577
31585,0,0.25142977
1249,0,0.2526518
10843,0,0.2449454
9706,0,0.26373565
14601,1,0.8483003
5823,0,0.384231
1148,0,0.17481847
31284,0,0.24827069
21383,0,0.447131
32156,0,0.3876789
14110,0,0.33514425
20035,1,0.8273612
20872,0,0.34844077
14568,1,0.76048714
12115,0,0.19936395
26440,0,0.21806459
28319,0,0.23550719
11654,0,0.3167636
22964,0,0.21418665
6834,0,0.27739134
15305,1,0.6658409
14669,1,0.79309297
15978,0,0.2033484
32027,0,0.24324073
4806,0,0.2214242
23700,0,0.23136316
5956,0,0.17768367
2441,0,0.19566558
20068,0,0.3771861
18369,1,0.7899589
28121,1,0.8069387
15061,0,0.2961651
7443,0,0.20945765
14456,1,0.80498755
1864,0,0.24015543
23766,0,0.3000345
13051,0,0.32045564
25644,0,0.2513003
16941,0,0.3397832
30388,0,0.27430224
5861,0,0.15942086
9840,0,0.38295558
16203,0,0.45598608
23986,1,0.79632866
6889,0,0.17329669
3658,0,0.16954891
4004,0,0.31679472
14620,0,0.21734239
18979,0,0.16527097
25101,1,0.7187784
10873,0,0.201248
24570,0,0.22941673
25051,1,0.81409365
22366,0,0.3101951
11762,0,0.43068713
9993,0,0.3040811
31464,0,0.23435704
5040,0,0.38101134
976,0,0.28588519
30784,0,0.18563192
31557,1,0.7363629
22982,0,0.20101172
29300,0,0.17747138
5932,0,0.24578473
31852,0,0.2961211
20833,0,0.24654588
9501,0,0.24782462
9707,1,0.8209486
20756,0,0.37512538
11541,0,0.23352642
28084,0,0.18021435
9726,1,0.6416213
31483,0,0.3234247
17440,0,0.3473677
30836,1,0.77945733
139,0,0.25448585
2606,1,0.70597166
14158,1,0.68684494
13100,1,0.54527473
30502,0,0.23192109
24245,0,0.17601758
28562,0,0.18668127
12735,0,0.25332806
4114,0,0.1956213
30367,1,0.523654
5412,1,0.6014557
27834,0,0.20078035
4709,0,0.30707848
23880,1,0.69375974
18607,0,0.37002856
15527,0,0.1923067
13748,0,0.28458464
24331,1,0.64970607
10636,0,0.25081936
12488,1,0.810266
16660,0,0.14984274
2892,0,0.31284815
6332,1,0.6160148
6504,1,0.7571566
19043,0,0.33468807
22715,0,0.35121164
27606,0,0.18496287
33052,0,0.20984711
6793,0,0.23820908
16595,1,0.81093615
18261,0,0.24070807
27307,0,0.19983366
25699,1,0.62666446
11707,0,0.23994312
21613,1,0.75721693
32057,1,0.61845165
115,0,0.19642384
6823,0,0.15122916
14353,0,0.45698074
26805,1,0.8336526
15635,1,0.73514223
26417,0,0.20655866
3848,0,0.23670432
17211,1,0.753356
13103,0,0.27835125
5243,1,0.6866088
2107,0,0.4188933
30974,0,0.14012207
2998,0,0.29688138
22975,1,0.7174516
27239,1,0.8300792
18463,1,0.74524736
21490,1,0.78723294
30657,0,0.33447465
32075,1,0.77489394
31141,0,0.2392929
2340,0,0.18316379
21188,0,0.3623627
24156,1,0.6143735
32584,0,0.32610905
6515,1,0.81595147
14292,0,0.2518456
16125,0,0.2551688
25802,1,0.7252371
19385,1,0.80420357
27304,0,0.2434555
3697,1,0.756687
11800,0,0.47295383
180,0,0.41244522
7733,1,0.77059925
6935,0,0.24841978
4082,0,0.23693924
31959,0,0.17094754
25113,1,0.7825156
14329,0,0.47043648
15570,0,0.20828366
32516,1,0.83473974
2535,0,0.23219235
16014,0,0.24229784
24251,0,0.21661374
31019,1,0.7747719
21012,0,0.22574402
22140,0,0.36645955
21462,1,0.79847074
20786,1,0.6507641
32404,0,0.37816218
16084,1,0.72341704
20103,1,0.71624315
22525,0,0.2896711
13230,1,0.70417905
29502,0,0.14810018
11646,0,0.23202825
6058,0,0.17932594
30892,0,0.30886316
31017,0,0.3915923
23803,0,0.29324886
6831,1,0.6521627
20380,1,0.8179578
15629,0,0.18665183
17342,0,0.22534752
22359,0,0.16465622
27610,0,0.27671343
26769,1,0.60210097
3979,0,0.28625408
25171,0,0.39155632
23379,0,0.46540818
18138,0,0.32831827
31687,0,0.23090987
23739,0,0.4758923
8392,1,0.7939711
6427,0,0.2676404
27813,0,0.25741252
20687,0,0.34148723
22527,1,0.8298362
33343,1,0.80245835
818,0,0.33084968
31669,1,0.76937616
10952,0,0.3590919
16331,0,0.18650386
32029,0,0.27847195
21152,0,0.29254377
23488,0,0.31340677
11945,1,0.76052606
1670,1,0.51455766
16104,0,0.33927143
4158,0,0.2549519
29781,0,0.21095672
6720,1,0.803309
14369,0,0.41144383
20235,0,0.2530216
3617,0,0.19927296
30756,1,0.81597716
22625,1,0.773176
22057,1,0.75550765
20635,1,0.7956029
1588,0,0.4823229
234,0,0.24395877
18752,1,0.69884294
18128,0,0.15377872
18260,1,0.5098054
19332,0,0.26668453
9564,0,0.2583293
5685,0,0.14932264
18063,0,0.298512
27124,0,0.29681706
3395,1,0.62900203
22310,0,0.23388228
15977,0,0.41693825
4917,0,0.25789437
19102,0,0.29779398
23275,1,0.6612123
13157,1,0.6813337
13269,0,0.21846417
29977,1,0.79404926
20571,0,0.17095049
23883,1,0.5439764
33033,1,0.74078137
10579,1,0.6135031
5258,1,0.73731565
853,0,0.26129657
27245,1,0.65569186
30670,1,0.733865
22497,0,0.26008078
3218,0,0.20221618
464,0,0.22133787
15770,0,0.17571819
18264,0,0.1363613
32066,1,0.82920027
11386,1,0.6768305
17502,0,0.34209102
32273,1,0.77747154
27543,0,0.14929475
16317,1,0.76686734
2852,0,0.20621572
5056,0,0.35227147
17504,1,0.5896982
24585,1,0.7802684
11734,0,0.2563304
16675,0,0.23759621
23344,1,0.60361475
21786,0,0.24795645
31079,1,0.79330415
33251,0,0.18285578
7805,0,0.17728049
8911,1,0.71125877
7315,0,0.40223742
28132,1,0.72367626
8367,0,0.27781656
27909,0,0.25965834
32320,0,0.20302755
15441,0,0.19753684
25999,1,0.74337584
20169,1,0.5674604
11682,1,0.60431325
26581,0,0.3625345
14832,1,0.76329464
18023,0,0.48743045
18963,0,0.20324545
9105,0,0.4361524
18344,1,0.8136737
576,0,0.2454228
2656,0,0.2906833
16881,0,0.24572888
30245,1,0.71510357
9630,0,0.2478834
3580,0,0.2402321
14773,0,0.1924446
31238,0,0.20273462
1633,0,0.24968913
1995,1,0.6318066
30587,0,0.22733517
32369,0,0.20210077
3722,1,0.6752482
10721,0,0.28277633
407,0,0.24081346
31098,0,0.23737875
4053,0,0.33715305
13782,0,0.426293
20767,0,0.42250526
20113,0,0.20561224
4674,1,0.7652215
2444,1,0.7290682
19966,0,0.20332459
26367,0,0.4602532
19508,0,0.18082058
13006,0,0.41718507
7563,0,0.21107465
25993,0,0.18144096
18013,1,0.5186602
27699,0,0.22849104
3003,0,0.24327041
6620,0,0.25903082
4364,0,0.2054431
2296,0,0.18804476
17958,0,0.42178518
9740,0,0.2749143
1304,0,0.2145399
28735,0,0.23863716
32212,0,0.4136451
14053,1,0.774817
22641,0,0.16244316
17900,1,0.7477545
31333,0,0.20514983
501,1,0.75174767
18104,0,0.24209796
6092,0,0.26590657
17249,0,0.13468677
1227,1,0.6201811
23515,0,0.26340607
16309,0,0.36160773
5368,1,0.7028228
27693,0,0.20300157
2582,0,0.15768525
12096,1,0.78583163
17526,0,0.27261162
23647,0,0.23669101
11440,1,0.70595855
7942,0,0.319599
12064,1,0.7249672
2170,0,0.20756567
15663,1,0.7844479
18378,1,0.73985577
5943,0,0.21428233
8578,0,0.334243
28645,0,0.2820093
5101,1,0.5948053
14529,0,0.3058474
26235,1,0.75802547
24260,0,0.2543844
17549,1,0.7928741
17610,0,0.28750178
10246,1,0.5593921
8990,1,0.81936395
20459,1,0.79751825
22775,1,0.76749706
11212,0,0.17975596
11963,0,0.2856544
14516,1,0.8176568
6464,0,0.26058513
31981,0,0.18201813
19350,0,0.23703662
675,1,0.66468793
3374,1,0.7495867
24495,0,0.17894866
8484,0,0.25643063
12459,1,0.7623263
29414,0,0.253266
10548,0,0.2033352
29383,1,0.6901844
13373,1,0.78884107
21283,0,0.37172896
2280,1,0.7110367
5624,0,0.2102548
6778,1,0.7282268
2926,0,0.32646748
20431,0,0.31720254
29537,0,0.20910737
4450,1,0.74828964
25833,1,0.7641693
33112,0,0.20186818
547,0,0.23399402
9270,0,0.41349462
15566,0,0.24941647
30826,0,0.24325402
250,0,0.28142
25714,1,0.5534586
28267,1,0.82353723
4504,1,0.62228024
12581,0,0.2349969
15483,0,0.20336942
2894,0,0.36760637
15726,0,0.38319692
17117,0,0.24362016
14182,1,0.6828402
3699,0,0.3331476
29624,1,0.6517929
16168,0,0.24592714
9800,0,0.3085294
9544,1,0.7604142
1433,1,0.7186994
27458,0,0.37496462
4804,1,0.7834884
24376,0,0.28384835
31613,0,0.3001479
26895,0,0.2557912
17085,0,0.31871367
22698,1,0.8133967
146,0,0.20291074
24022,1,0.7461411
14658,0,0.21038122
21548,0,0.20065138
9827,0,0.23235746
18544,1,0.6832843
28874,0,0.46979928
6361,0,0.29281387
13089,0,0.24873477
23426,0,0.23506978
22520,1,0.818062
9649,0,0.24289876
23255,1,0.6497588
24081,1,0.6867142
23116,0,0.2127746
27338,1,0.8502205
14873,0,0.2068094
11886,1,0.62269086
9207,0,0.25991958
3291,0,0.22947349
5002,0,0.32351258
6768,1,0.7412069
6281,0,0.32310894
11155,0,0.3360147
14342,0,0.38201043
10394,0,0.29175678
14014,0,0.20251307
28671,0,0.26804766
5109,0,0.24803558
31775,0,0.27088243
17944,0,0.18035713
7499,0,0.20971248
13124,1,0.6723503
22808,1,0.727004
29695,1,0.73962384
6167,0,0.2284548
137,0,0.24474487
19494,0,0.21465123
33277,1,0.78936017
3760,0,0.39056432
6837,0,0.46899784
27220,0,0.23395367
26985,0,0.41581357
23667,0,0.42148972
7793,0,0.29978317
11502,1,0.792822
5882,0,0.36145407
24978,1,0.7492285
25866,0,0.31224176
30020,1,0.7366453
5380,0,0.2226165
20045,0,0.23826718
26651,0,0.14769268
14077,0,0.24412864
32000,1,0.72037745
26694,1,0.8186361
167,1,0.6756804
28381,0,0.35976014
24612,0,0.2235981
17481,1,0.6244188
28007,1,0.74760747
26178,1,0.79470265
13467,0,0.39761576
5720,1,0.7810803
18565,1,0.73375374
17018,0,0.2253416
13047,0,0.21582735
20475,1,0.80134344
5150,0,0.20922202
31451,1,0.8093341
14621,0,0.27438512
29123,0,0.28868163
13949,1,0.7501004
2269,1,0.7818028
12814,0,0.13834569
5255,1,0.68453455
3880,0,0.27918658
25297,0,0.2876018
27008,1,0.8047365
1886,0,0.1785552
31129,0,0.22604506
1123,0,0.29274616
9149,0,0.15537855
21962,0,0.3426862
462,1,0.8487235
2677,1,0.7538837
18648,0,0.19790915
25612,0,0.38099813
2784,0,0.41364542
33064,1,0.7830413
3543,0,0.21331224
16419,0,0.17726046
31606,1,0.7340679
5800,0,0.23987338
9032,0,0.21192618
32908,1,0.7766301
31186,0,0.18002078
18411,1,0.82429063
7636,0,0.2616524
25586,0,0.2856825
2583,0,0.2230421
560,0,0.18130161
5514,0,0.25482413
3624,0,0.15512572
1274,0,0.26906428
4957,0,0.29369885
7424,0,0.20672713
12055,0,0.29559264
9163,1,0.7797433
29171,0,0.21794312
16193,0,0.24561702
25623,1,0.7298939
2575,0,0.3582592
21353,1,0.7363049
9106,0,0.10520275
30470,1,0.5437911
20437,0,0.26285046
18316,1,0.7403724
11956,0,0.25055552
8713,0,0.25175282
12951,1,0.5526502
23795,0,0.19872932
25933,0,0.33269244
14271,0,0.33160612
25129,1,0.8392834
344,0,0.22740173
31672,1,0.7538779
6400,0,0.25362167
30719,0,0.16706859
26660,0,0.16399166
14428,1,0.7651291
6225,0,0.25885153
7773,1,0.8186818
7720,0,0.22703747
2018,0,0.30861914
5485,0,0.45426306
23288,0,0.28140554
33010,0,0.31138143
4819,0,0.20837754
3127,0,0.28202438
32360,0,0.27805275
23133,0,0.21510017
28972,1,0.7351814
7439,1,0.6121877
28333,1,0.81441903
25726,0,0.44403952
15009,0,0.29700592
20205,0,0.2889883
31245,0,0.22984558
10810,1,0.7646228
1172,1,0.7973914
10809,0,0.45059407
16944,1,0.7959019
12829,0,0.24800892
24246,0,0.24963902
33108,0,0.27207986
5484,0,0.26187477
20725,0,0.21843816
19501,1,0.6396297
19468,0,0.28216493
1097,0,0.25411335
31984,0,0.20190161
172,0,0.26490873
4899,0,0.23603424
19171,0,0.25177786
21296,0,0.35297865
14156,0,0.32576993
31565,0,0.23243201
21308,1,0.8187275
691,0,0.22586606
15225,0,0.26179516
852,0,0.27747077
3413,1,0.73079264
33234,1,0.52981526
13314,1,0.7787483
30921,0,0.2348616
17072,0,0.2731
31230,1,0.7825694
6689,0,0.48617458
19117,0,0.28238127
32259,0,0.20507897
15640,1,0.6276852
16690,0,0.1849423
10928,1,0.785916
10640,0,0.23396572
14904,0,0.24318661
5160,0,0.23898579
8239,1,0.8081731
11912,0,0.28268677
23554,0,0.31575522
17221,1,0.7917489
25072,0,0.1677681
19240,0,0.21613573
12151,0,0.23293732
26963,0,0.21377291
2889,0,0.22428387
19260,0,0.19379267
7626,1,0.80431753
31896,0,0.3928699
17673,0,0.20892464
12645,1,0.77410907
13726,0,0.42683592
14240,1,0.8014797
5113,0,0.49320486
32646,1,0.79930985
30645,0,0.3015518
14500,1,0.65389925
16525,0,0.18783078
20663,0,0.19874488
8897,1,0.77751714
10049,0,0.24351662
13543,0,0.2562914
1250,0,0.24705845
16345,1,0.51306623
3673,0,0.2048687
17165,1,0.8199077
8587,0,0.27259994
7903,0,0.347726
28390,1,0.8197935
18101,1,0.5120994
3408,1,0.63737875
3619,0,0.2816949
9335,0,0.33173177
31337,1,0.6838676
18903,0,0.22207792
1406,0,0.215582
31133,1,0.77588624
30475,0,0.34321773
11339,0,0.22224459
10455,1,0.61570555
22881,0,0.26019236
29667,1,0.69194907
16517,0,0.31498438
15094,0,0.20051906
2682,0,0.40278065
7679,1,0.80270135
2954,0,0.18013892
12709,1,0.75371945
24845,0,0.25484523
6829,1,0.7901668
12810,0,0.22272511
20607,0,0.45747992
10429,0,0.33131465
18781,0,0.16620761
21189,0,0.27221385
19996,0,0.28042173
24837,0,0.3531939
4955,0,0.18902217
32766,0,0.2646495
6209,1,0.78133833
24293,1,0.8426612
28090,0,0.25290057
11842,0,0.4087078
13211,1,0.6744748
26309,0,0.3611662
4832,1,0.52589315
23885,0,0.22060037
27278,0,0.20821443
32853,0,0.23231252
3264,0,0.23625053
9997,0,0.28832266
21496,0,0.32577795
20570,1,0.82309717
11907,0,0.26145262
28629,0,0.2614832
31388,0,0.2918707
14538,1,0.778683
28,0,0.14776777
32099,1,0.74396837
6356,1,0.6681376
16058,0,0.25129554
10198,0,0.22953062
24993,0,0.4187114
28864,1,0.69256693
1206,0,0.2248187
14412,0,0.2823268
19987,0,0.19630948
15586,0,0.41205534
17424,0,0.21930976
19783,0,0.24097869
15763,0,0.18660545
6433,1,0.7541694
7881,0,0.21442741
9237,0,0.19310147
26656,0,0.21687353
14019,1,0.7099491
27036,0,0.3517263
8304,0,0.2511527
16458,1,0.8076422
16138,0,0.36545616
8701,0,0.20645635
14281,0,0.27895695
1968,0,0.16496944
742,0,0.23148096
17953,1,0.51914376
660,0,0.23174231
10829,0,0.23663889
14159,0,0.3365999
13603,0,0.1581886
18232,0,0.2542377
14574,1,0.79673004
24725,0,0.48003358
10737,0,0.24789362
15141,0,0.2552784
25308,1,0.71865624
23084,0,0.2080742
25465,0,0.17294277
12340,0,0.19380164
15589,0,0.2242622
129,0,0.22144344
19641,0,0.363649
8083,0,0.29383048
4166,0,0.13599601
14586,1,0.75837344
21822,0,0.18432222
2415,0,0.21953277
1382,1,0.6042485
30373,0,0.21744949
1135,0,0.13575874
29230,0,0.38428494
16972,0,0.24952482
25730,0,0.29807237
17021,0,0.21246582
19032,0,0.26882374
6154,0,0.27480337
2744,0,0.21180417
621,1,0.65657365
14035,1,0.8035025
13621,1,0.6829023
19202,0,0.2834417
29010,1,0.68062156
3606,1,0.5312634
22214,0,0.30178973
16245,0,0.4445299
30639,0,0.22067155
28365,0,0.26230758
30546,0,0.24874663
7792,1,0.5945441
12846,1,0.7823346
25038,0,0.3561296
17919,1,0.62238777
6465,0,0.15873672
13836,0,0.18795952
30399,0,0.19998045
27949,0,0.28791735
27512,0,0.18252197
22507,0,0.3218828
656,0,0.4657947
23663,1,0.80906314
30907,0,0.2569296
30023,0,0.22261767
22045,0,0.3016845
2209,0,0.11756333
4838,1,0.7275308
28498,0,0.25398964
1179,0,0.325943
10682,0,0.24434209
20707,0,0.29216897
31228,1,0.6773025
11642,0,0.26760435
14477,1,0.78683555
25737,0,0.25847295
21032,1,0.7081273
30770,1,0.75633585
28733,0,0.19281262
26032,1,0.74815774
2421,1,0.8199292
6027,0,0.39413637
7266,1,0.76079196
20956,0,0.20972127
26068,0,0.3613369
20179,0,0.30437392
32956,0,0.23881005
12570,1,0.7080339
7689,1,0.7480527
19653,0,0.18300778
8447,0,0.34796807
18513,0,0.41931236
4066,0,0.23374045
613,0,0.26315966
12437,0,0.20557193
20917,1,0.6695864
12505,1,0.7724759
22510,1,0.7963623
6642,1,0.77980524
8562,0,0.33234924
13030,0,0.34454125
33291,0,0.30657855
10469,1,0.7567141
30777,0,0.30059624
31756,1,0.6609608
3879,0,0.18498404
16255,1,0.74200636
5050,1,0.66308624
4273,1,0.69338286
14867,0,0.21794225
16180,1,0.6951006
8491,0,0.2515415
23514,0,0.18905206
14398,0,0.42307404
11444,0,0.34986287
22303,0,0.2546222
7391,0,0.3827329
9195,1,0.7438356
7519,0,0.36759624
15307,0,0.42421022
24683,0,0.2698317
27067,1,0.802643
11327,0,0.24169007
2529,1,0.7071623
31349,0,0.17951077
30739,0,0.18363012
32141,0,0.25140896
7759,1,0.6966199
16286,1,0.64115095
5381,0,0.2937147
16782,1,0.7031198
8122,0,0.27337506
4370,1,0.64755344
13883,0,0.14711086
21673,0,0.22107239
24268,0,0.21789151
17200,0,0.39211854
31533,0,0.1673797
23172,0,0.24773937
1647,0,0.26674455
1276,0,0.23995736
19942,1,0.6459914
26888,1,0.6559046
11667,0,0.25854012
3890,0,0.3072971
17267,1,0.6319006
4934,0,0.21332231
2752,1,0.7680338
6413,0,0.29044175
5817,0,0.16811673
27952,1,0.6740421
6402,1,0.5674604
2358,1,0.75697947
7645,1,0.7895421
15411,0,0.26123118
32727,1,0.81158704
32693,0,0.26038796
471,0,0.3620103
16922,0,0.36941192
31991,0,0.2002481
16212,1,0.7485398
22477,1,0.8076349
11514,0,0.21837236
28290,0,0.2532377
11473,0,0.20239241
28584,0,0.20984308
9209,0,0.33182096
28252,1,0.77000666
30158,0,0.21409784
18492,1,0.78183776
18940,0,0.2309709
30512,1,0.7321179
19654,1,0.7583902
16577,0,0.33307165
17836,1,0.7044586
29074,0,0.35181072
25155,1,0.80564183
31796,0,0.33757833
30965,0,0.26008326
7212,0,0.4766742
20419,1,0.7686677
27143,1,0.6082052
33134,0,0.37921214
21657,1,0.6986697
14255,0,0.23813818
11728,0,0.21431132
915,0,0.2650709
7987,1,0.69480795
25241,0,0.20427495
18483,0,0.38714898
7032,0,0.33662644
31668,0,0.23342408
22870,0,0.22822702
13142,0,0.23492837
11481,0,0.22490853
1679,0,0.2154771
15849,0,0.48092812
22392,1,0.8170121
29223,0,0.18845342
5296,0,0.2178633
25329,0,0.13132828
15164,1,0.7994489
5780,0,0.229813
14767,0,0.3309033
7926,1,0.79516035
32606,0,0.4065768
30295,1,0.7619779
2436,0,0.26635396
12407,0,0.16474839
5509,0,0.19186977
33300,0,0.17659286
12374,0,0.42173013
23562,0,0.30307746
27420,1,0.779467
15974,0,0.2522254
13204,1,0.61362916
12453,1,0.8064099
21071,0,0.29052755
795,0,0.45791134
80,0,0.24951784
8509,0,0.47839776
27199,0,0.23362887
4393,0,0.25051513
26993,1,0.84909856
9753,1,0.60773426
17074,0,0.17849204
9291,0,0.16550668
21210,0,0.23355177
6548,0,0.23506163
5601,1,0.7941798
29159,0,0.20821828
20909,0,0.18528078
13140,0,0.34266675
8903,0,0.26572406
20079,0,0.41823563
24628,0,0.32812142
5482,0,0.20557685
16050,1,0.59238404
18581,1,0.5283607
14438,1,0.7738011
8031,0,0.15087354
32710,0,0.23131299
5857,0,0.31638595
28799,0,0.20164064
19726,0,0.34249303
6191,0,0.41895112
32521,0,0.24085993
29176,0,0.26108795
28278,0,0.35869098
2625,0,0.23356244
15587,0,0.3770626
14741,0,0.23942994
19210,0,0.25170222
21015,0,0.2322928
2010,0,0.19241425
8942,1,0.5979387
9586,0,0.2254131
6444,0,0.26883134
1604,0,0.25710586
24158,1,0.79669374
24017,0,0.43830147
24362,0,0.32674608
29969,0,0.21260643
16831,0,0.22544727
28518,0,0.17575224
21039,0,0.18438011
1776,0,0.22674766
1678,0,0.23969248
11188,1,0.65438753
5346,0,0.18965195
25867,1,0.5048975
8335,0,0.17358248
29417,0,0.17050603
28383,0,0.36040235
31485,0,0.24064794
11330,0,0.26894665
13259,0,0.22349589
7539,0,0.18804166
18271,1,0.82234144
19556,0,0.18105206
31232,1,0.79328126
1175,0,0.2949992
8107,0,0.2372059
2768,0,0.28473687
26448,0,0.29696462
22700,1,0.7586888
10287,0,0.19285813
21246,1,0.6152713
9098,0,0.4169671
17952,0,0.2557116
3889,0,0.3585333
268,0,0.18213142
27376,0,0.28159758
22042,1,0.6930442
32395,0,0.28140393
16955,0,0.23333567
15027,0,0.18256737
27771,0,0.23980637
25918,0,0.21966735
28694,0,0.19085176
10523,1,0.71019554
12163,1,0.6124542
10279,1,0.66183835
20918,0,0.20214534
22940,0,0.2675948
11283,0,0.25704914
15682,0,0.27609015
29890,0,0.28284997
24998,0,0.38176563
15853,0,0.26560906
14581,0,0.19639452
27390,0,0.32353726
21976,0,0.2360925
28808,0,0.34660518
14285,0,0.3464216
7784,0,0.22362615
15973,1,0.75547373
24155,1,0.8016009
24815,0,0.31429526
21023,0,0.48399237
27787,0,0.21229862
24378,1,0.68246883
7346,0,0.2758199
25958,0,0.24521595
32635,1,0.6326259
1985,1,0.75176245
288,0,0.25083002
27281,0,0.2381801
7953,1,0.83179325
366,1,0.7911339
27108,0,0.23415495
9514,0,0.26712254
17386,0,0.33220664
4889,0,0.20213506
22974,1,0.6821462
28176,0,0.23315533
17224,0,0.3616479
32636,1,0.7484668
21511,0,0.13562298
25408,1,0.8003827
10308,0,0.4599668
6509,1,0.77844214
12676,0,0.22431982
22320,0,0.1671597
19403,1,0.8058179
25679,0,0.26559868
25097,1,0.7295721
30538,0,0.35206643
29321,0,0.1796364
5083,0,0.2558286
17194,0,0.19821809
25371,0,0.14847188
25629,0,0.17441557
2790,1,0.8228417
31615,0,0.23371421
9134,1,0.7704529
23968,0,0.23394176
24908,1,0.766344
22712,0,0.2518697
11063,1,0.6269472
16129,1,0.6349734
25292,0,0.3656835
11796,1,0.77027726
31234,1,0.53262085
4581,0,0.3404017
17703,0,0.28038874
30036,0,0.41573673
9837,0,0.37607518
2715,1,0.511319
22652,0,0.34323937
15158,0,0.23781629
830,0,0.21427512
24660,0,0.30651763
2915,1,0.5182217
18322,0,0.3937169
23189,0,0.22554348
25544,0,0.15794796
15534,0,0.48320574
12312,1,0.8178681
7789,1,0.69722277
6335,0,0.18833855
17675,0,0.26189497
7156,1,0.8004623
14816,0,0.2591053
31402,1,0.7247896
12759,0,0.2622828
18706,1,0.5009143
5266,0,0.25388274
27308,1,0.7063296
6721,1,0.77173597
667,0,0.23942164
3027,0,0.26543096
8735,1,0.5247828
24238,1,0.72299325
28911,0,0.21141656
18575,1,0.5991435
15098,0,0.21008469
33308,1,0.7789063
185,0,0.21299802
25603,1,0.6685421
27386,0,0.345964
28630,0,0.13926466
32243,0,0.24925256
3635,0,0.29173744
30957,1,0.6290944
2326,1,0.55575645
17950,1,0.62088555
32910,1,0.7946331
32353,0,0.34143087
13462,1,0.7645475
28937,0,0.17264055
29276,1,0.7659944
16082,0,0.2520143
515,0,0.24017094
31826,0,0.31679618
14515,0,0.29124966
26722,1,0.77020407
2937,0,0.17669769
30103,0,0.23223467
25100,0,0.14043988
13397,0,0.25670877
8413,1,0.6445164
11413,0,0.3843517
9556,1,0.5455776
28061,1,0.7851451
32374,0,0.21477883
16251,1,0.74878645
23674,1,0.82878274
16689,0,0.23577917
8042,0,0.32584476
9055,1,0.7605674
12674,0,0.16072673
16328,0,0.23961711
22099,0,0.25202605
6314,0,0.2222656
4579,0,0.31507105
11640,1,0.7702084
5126,0,0.31233647
11401,0,0.26267144
5841,0,0.13422024
1838,1,0.82652706
6398,0,0.23785311
18267,0,0.4444254
22591,1,0.7608204
12996,1,0.7308474
8514,0,0.27537006
3862,0,0.23492837
29762,0,0.34385267
32795,1,0.8405218
9918,0,0.24709697
10162,0,0.2420677
18847,0,0.36090976
26138,0,0.46734932
30294,0,0.24284016
31629,0,0.18466581
32019,1,0.7658012
29341,0,0.28360426
31465,0,0.2400152
19158,0,0.25592238
26354,0,0.26860476
2936,0,0.22287844
24820,0,0.39774033
29326,1,0.7974662
32022,0,0.25074863
10478,1,0.7240978
24800,1,0.75383997
29243,0,0.42260042
22835,1,0.5772369
6615,1,0.7605041
32152,0,0.24537955
7281,0,0.32768688
7314,0,0.38170087
5479,1,0.7556812
28427,0,0.30101815
18166,0,0.27586943
18384,1,0.7949162
23628,1,0.61550814
18665,1,0.7589537
20691,1,0.7613207
10260,1,0.7354674
4586,1,0.84175026
610,0,0.20741715
17389,0,0.46685317
12558,1,0.7137293
16395,0,0.24492346
11770,0,0.2583936
27991,1,0.611901
27425,0,0.3870173
25585,1,0.8067107
20758,0,0.21023098
4791,0,0.30276388
18816,1,0.82626605
31466,1,0.64688706
12500,0,0.28309506
1928,1,0.80867934
15385,0,0.36976188
14264,0,0.21752031
29541,0,0.20001528
8426,0,0.23173939
11148,0,0.36305964
22661,0,0.24403751
19550,1,0.81617546
15384,1,0.79635453
1443,0,0.18264247
14491,0,0.30995947
3275,0,0.2277914
5265,0,0.43554798
15865,1,0.6272989
8539,0,0.26526353
25995,0,0.29933846
12288,0,0.16906403
25411,0,0.33247122
12189,1,0.8047526
27933,0,0.2032793
11273,0,0.23569411
30859,0,0.2269948
15521,0,0.18538392
25054,1,0.8014956
11506,0,0.3766471
5934,0,0.29464668
3689,0,0.38215703
27337,1,0.6641196
15911,0,0.25631765
32996,0,0.23346634
10663,0,0.21806659
18356,1,0.7373085
6865,0,0.30392286
30679,0,0.2687945
7347,0,0.43498215
31951,1,0.7999654
13009,1,0.76066035
6452,0,0.35283875
19294,0,0.29179794
12946,0,0.34584287
8375,1,0.6948661
8043,0,0.22867407
4063,0,0.20757572
14821,0,0.15712576
16107,1,0.68063414
23465,1,0.7761003
18698,0,0.26182273
24582,0,0.18988553
19239,0,0.22532979
9664,0,0.30744788
17300,1,0.80568296
21257,0,0.22354469
26856,0,0.2178521
29283,0,0.20132045
30846,0,0.16437025
24670,0,0.233165
11391,0,0.24499926
13823,0,0.3483748
25931,0,0.2837446
14638,0,0.22968146
29031,1,0.61408865
14883,1,0.8288969
17924,0,0.47878626
30951,0,0.29790455
9051,1,0.7957286
6963,0,0.19039464
3559,0,0.19264647
9700,0,0.38937652
11849,1,0.56203276
22737,0,0.2677233
6969,0,0.43555
31870,0,0.47096837
25263,0,0.15074661
21049,1,0.7614019
17307,0,0.46636018
19471,0,0.16060926
22338,0,0.21566571
18519,1,0.84312737
8752,1,0.62748337
17254,1,0.7396087
31441,0,0.33711115
13175,0,0.2235581
2122,1,0.8173193
734,0,0.26713806
10655,1,0.5870398
20900,0,0.26982892
25977,1,0.791047
8038,0,0.39665428
9275,1,0.5617858
26576,0,0.35746774
8184,1,0.726129
25181,0,0.32675812
27059,0,0.2590442
17920,0,0.24328661
14932,0,0.26452476
2491,0,0.21715884
22450,1,0.79318535
12831,0,0.26967818
24057,1,0.7937102
27854,0,0.28364995
9083,0,0.24617529
26670,1,0.7361248
5709,0,0.20069735
31995,1,0.6771454
11845,1,0.6109142
14052,0,0.23595718
22407,1,0.6940433
33353,0,0.22537488
32278,1,0.69992924
14069,1,0.6642713
828,0,0.18619792
16574,0,0.17153406
6742,1,0.7574115
6583,0,0.14647783
15159,0,0.22877245
16614,0,0.25393012
27456,0,0.26819575
16462,1,0.7692146
32105,1,0.65491796
22464,1,0.7286068
20165,0,0.38602147
2610,0,0.4056062
18668,0,0.16124442
20361,1,0.8011859
1055,0,0.30485073
19794,0,0.4431162
4810,1,0.77515495
16560,1,0.7861682
5236,1,0.6613986
28886,1,0.76723003
18338,0,0.25295383
25697,0,0.27139875
15150,0,0.18149479
5005,0,0.23767135
8358,0,0.23482917
27297,1,0.8012853
19413,1,0.74481535
5111,0,0.2783826
13477,1,0.7516162
2120,0,0.2619875
28293,0,0.3433594
31481,1,0.77187
25635,0,0.16340455
14041,0,0.15724711
10311,0,0.24985626
13925,0,0.2358075
2183,1,0.75041497
23188,0,0.27016714
8982,0,0.4861563
20064,0,0.30324772
21604,1,0.79969287
3991,1,0.6853993
3307,0,0.353599
4343,0,0.2632961
24642,0,0.18790856
12008,0,0.24267048
22200,0,0.17513052
2789,0,0.26558208
22697,1,0.78480625
20321,0,0.2356876
13470,0,0.23103115
31236,1,0.82195264
32607,1,0.78937936
8216,1,0.72561735
5320,0,0.2150808
30466,0,0.29727364
24026,1,0.7104601
30013,0,0.23077905
22342,0,0.44485456
370,0,0.32480034
30365,1,0.8228806
30316,1,0.76863915
28350,0,0.34849897
11927,1,0.6029557
31708,1,0.78875595
25882,1,0.55954206
16079,1,0.8206395
21788,0,0.49424553
2530,1,0.55165803
20640,0,0.36631584
7148,0,0.2921655
20308,1,0.7969074
2196,0,0.24345511
17225,0,0.29846475
28163,0,0.24398857
16164,0,0.28045997
11460,1,0.611109
2900,0,0.3369843
1026,0,0.38224632
8049,0,0.15016057
12413,0,0.24945782
17269,1,0.5070479
3885,0,0.18715258
5194,0,0.2065919
11644,0,0.28797087
28377,0,0.14029932
25914,1,0.8174582
24947,0,0.21906283
32540,1,0.65479165
1346,0,0.2253825
13220,0,0.2693778
19336,0,0.14489245
7416,0,0.454875
26996,0,0.19785602
26859,0,0.35062128
13498,0,0.18474147
17659,0,0.22941588
25173,0,0.21639352
12002,0,0.1862495
22468,1,0.7627487
25106,0,0.21357659
11730,0,0.23650417
21871,0,0.23182644
19543,0,0.41497388
4842,0,0.35702744
12874,0,0.34082764
19725,1,0.75472915
27614,0,0.17162669
322,0,0.21989158
29603,0,0.18580605
28292,0,0.42936122
423,0,0.27956238
22858,0,0.2923034
16449,0,0.19180138
26195,0,0.23368333
29710,0,0.4816901
11901,1,0.6847089
8170,0,0.3496628
31818,1,0.8027548
10618,1,0.763382
10217,0,0.28769597
13819,1,0.6374201
13722,0,0.27213946
18100,0,0.39312345
5029,0,0.19621809
31473,0,0.23700613
26801,1,0.67054695
18912,0,0.3391398
27030,0,0.32408673
3647,0,0.3390566
4222,1,0.7386154
25614,1,0.78392255
19648,1,0.78705466
22430,1,0.7184245
15851,0,0.31663865
301,0,0.19677916
18825,0,0.1982616
31758,1,0.7998687
5898,1,0.7187038
17932,0,0.09923392
30260,0,0.30294618
17669,0,0.24848421
14806,0,0.22323583
22480,0,0.32289132
29259,0,0.1733929
22746,0,0.17189886
9852,1,0.7277197
30,0,0.4205618
17854,0,0.22855704
9205,1,0.6643653
17779,1,0.80903494
20154,0,0.26277307
16828,1,0.60624015
7387,0,0.1487491
31802,1,0.5459695
17188,1,0.83104366
7300,0,0.17189346
12136,0,0.26014665
21899,0,0.2703665
10834,0,0.42779446
20841,1,0.7822269
5962,1,0.81020516
7813,0,0.2484161
10847,0,0.45730066
30109,1,0.7900911
3312,0,0.2978539
12884,0,0.25448582
20514,0,0.19135791
8411,0,0.24396166
16798,0,0.2039609
27389,0,0.23022923
32783,0,0.2974036
10230,0,0.2550569
5980,1,0.7394349
3672,1,0.827798
29832,1,0.80337894
18719,1,0.74696004
23024,0,0.24115069
29629,1,0.8273006
8112,1,0.67396945
13953,0,0.3637024
17450,1,0.8471218
9752,1,0.79524904
10167,0,0.45591143
181,1,0.85464644
1476,0,0.21844505
16816,0,0.25395876
16023,1,0.69475025
12059,0,0.33198452
28220,0,0.1741335
18822,0,0.17389262
17720,0,0.48450628
13419,0,0.2509713
23734,0,0.4483371
6610,0,0.20155409
18569,0,0.25095543
25136,1,0.56082326
21469,0,0.36329117
19752,0,0.23581876
32453,0,0.16929519
24625,0,0.24597342
32745,0,0.24083027
15144,0,0.25045985
26541,0,0.2760758
14132,0,0.26865557
2580,0,0.27364776
32229,0,0.2782708
11638,0,0.23910111
7132,1,0.704158
22168,0,0.19611695
29886,1,0.6006696
5130,0,0.22789674
923,0,0.19692753
28035,1,0.51361084
17153,0,0.21393529
30428,1,0.7481375
14687,0,0.19266574
26621,1,0.773593
19744,0,0.36907148
32698,0,0.22672646
15049,1,0.73655516
32808,1,0.79190123
7535,0,0.26324782
20622,1,0.78808105
22863,0,0.23743632
21845,0,0.25983748
16135,0,0.21440129
15095,0,0.32674563
29703,0,0.3525628
14785,1,0.74382496
20150,0,0.25762823
19473,0,0.33173612
26862,0,0.21939883
3377,0,0.22733015
21166,1,0.7850678
24684,0,0.35927036
32511,0,0.33053425
10587,1,0.55666745
23210,0,0.2513151
8243,0,0.31575745
2046,0,0.26705986
875,0,0.19402274
437,0,0.1680732
9208,1,0.7653278
18560,0,0.2562688
31361,0,0.46187857
3432,1,0.8086743
17066,0,0.15428102
17993,0,0.3662525
4879,0,0.19602206
32898,1,0.8668302
28680,0,0.26955238
10304,1,0.68016297
26899,0,0.22683479
23403,1,0.60258496
21936,0,0.40846357
26927,0,0.39259124
25713,0,0.2048306
23976,1,0.5057104
29908,0,0.2423789
17426,1,0.6432275
9806,0,0.2639823
25886,0,0.18585882
2736,0,0.18960574
26688,0,0.18578506
19261,0,0.28736374
16728,0,0.24223803
8837,0,0.25173655
9345,0,0.1534528
25696,0,0.22439931
33236,0,0.21415175
7258,0,0.45104247
4274,0,0.18319958
18287,0,0.29801694
25062,0,0.2047482
11144,0,0.2565959
11404,0,0.21773626
13232,0,0.20930572
21968,1,0.85915524
12142,1,0.77414614
30796,0,0.3288212
23735,1,0.80422896
26679,0,0.20770212
21726,0,0.23465754
5171,1,0.7570973
3180,0,0.21389572
26950,1,0.67921954
24234,1,0.75008047
32649,1,0.80569154
4377,1,0.82767487
545,0,0.2872446
13114,0,0.37990454
22786,1,0.70891356
21335,1,0.7254508
13292,1,0.7791788
25862,0,0.21129318
37,1,0.78807217
25890,0,0.3292281
22037,0,0.20489717
29304,0,0.30218104
19816,0,0.29133028
7012,1,0.8229781
23338,1,0.7932415
30621,1,0.76831234
11855,0,0.33889684
14062,0,0.23590669
952,0,0.25621882
28695,1,0.7107353
25255,0,0.22761443
14684,0,0.16575848
2599,0,0.23426108
27764,1,0.7132261
22708,1,0.7969053
13605,0,0.4058823
3445,0,0.25170138
12029,0,0.32277396
28494,1,0.73080957
26151,0,0.18065359
30903,0,0.23220523
23078,1,0.5044485
3520,0,0.26336902
23948,0,0.16151336
20536,1,0.7838485
12472,0,0.41286263
12756,0,0.19787113
634,0,0.40869346
11458,1,0.6311069
20348,0,0.33346593
21057,0,0.23738877
26446,1,0.8197501
24170,0,0.20906699
16216,0,0.2354891
28349,0,0.19094902
17295,0,0.27205276
33316,0,0.35490307
5280,1,0.62438786
11201,1,0.5621584
26483,0,0.27253824
10977,0,0.20546141
33290,1,0.7914593
27216,1,0.7813763
7877,0,0.12801504
5650,0,0.31662855
6590,0,0.24760191
13464,1,0.7902636
25639,0,0.2891425
12406,0,0.40504304
32113,0,0.26525676
3787,0,0.28295675
23606,1,0.7555635
7522,1,0.7522408
15293,1,0.76718885
7564,1,0.72509104
19218,0,0.30883503
19678,0,0.18540655
19499,0,0.16445096
13962,0,0.15994693
22744,0,0.31208035
21887,1,0.61723876
28552,0,0.48388115
10726,0,0.2794477
6294,0,0.19899039
13833,1,0.7960147
31643,0,0.14274885
21500,0,0.33289716
33225,0,0.2858808
8905,1,0.5338983
9772,0,0.1480513
27163,0,0.16822807
24507,1,0.54159296
21339,1,0.771668
1289,1,0.6692747
195,0,0.2528034
31762,0,0.20602293
7873,0,0.2172848
12215,0,0.27771607
